sample_id,ahupuaa,moku,mokupuni
M1,WaikapŇę,PŇę Ľali Komohana,Maui
M10,WaikapŇę,PŇę Ľali Komohana,Maui
M100,Wailuku,PŇę Ľali Komohana,Maui
M101,HonokŇćwai,KńĀ Ľanapali,Maui
M102,HonokŇćwai,KńĀ Ľanapali,Maui
M103, ĽAlaeloa,KńĀ Ľanapali,Maui
M104,HonokŇćwai,KńĀ Ľanapali,Maui
M105,HonokŇćwai,KńĀ Ľanapali,Maui
M106,Hanaka ĽŇć ĽŇć,LńĀhainńĀ,Maui
M107,Honolua,KńĀ Ľanapali,Maui
M108,Honolua,KńĀ Ľanapali,Maui
M109,Honokahua,KńĀ Ľanapali,Maui
M11,Ukumehame,LńĀhainńĀ,Maui
M110,HonokŇćwai,KńĀ Ľanapali,Maui
M111,Hanaka ĽŇć ĽŇć,LńĀhainńĀ,Maui
M112,Paunau,LńĀhainńĀ,Maui
M113,Hanaka ĽŇć ĽŇć,LńĀhainńĀ,Maui
M114,Hanaka ĽŇć ĽŇć,LńĀhainńĀ,Maui
M115,Wahikuli,LńĀhainńĀ,Maui
M119,Hanaka ĽŇć ĽŇć,LńĀhainńĀ,Maui
M120,Wailuku,PŇę Ľali Komohana,Maui
M121,Paunau,LńĀhainńĀ,Maui
M122,Hanaka ĽŇć ĽŇć,LńĀhainńĀ,Maui
M123,Hanaka ĽŇć ĽŇć,LńĀhainńĀ,Maui
M125,Wahikuli,LńĀhainńĀ,Maui
M126,Hanaka ĽŇć ĽŇć,LńĀhainńĀ,Maui
M127,Hanaka ĽŇć ĽŇć,LńĀhainńĀ,Maui
M128,Hanaka ĽŇć ĽŇć,LńĀhainńĀ,Maui
M13,WaikapŇę,PŇę Ľali Komohana,Maui
M130,Wahikuli,LńĀhainńĀ,Maui
M135,PŇęlehunui,Kula,Maui
M136,Palauea,Honua Ľula,Maui
M141,Paeahu,Kula,Maui
M142,Kalihi,Honua Ľula,Maui
M143,Kalihi,Honua Ľula,Maui
M147,Wailuku,PŇę Ľali Komohana,Maui
M148,Kalihi,Honua Ľula,Maui
M15,HńĀmńĀkuapoko,HńĀmńĀkuapoko,Maui
M150,Paunau,LńĀhainńĀ,Maui
M151,Paunau,LńĀhainńĀ,Maui
M153,Ukumehame,LńĀhainńĀ,Maui
M154,Wailuku,PŇę Ľali Komohana,Maui
M155,Wailuku,PŇę Ľali Komohana,Maui
M16,WaikapŇę,PŇę Ľali Komohana,Maui
M162,Olowalu,LńĀhainńĀ,Maui
M164,PŇęlehunui,Kula,Maui
M167,‚ÄėUalapu‚Äėe,Kona,Moloka Ľi
M169,Waialua,Kona,Moloka Ľi
M171,Makakupa‚Äėia,Kona,Moloka Ľi
M172,Ukumehame,LńĀhainńĀ,Maui
M176,Ukumehame,LńĀhainńĀ,Maui
M177,Ukumehame,LńĀhainńĀ,Maui
M178,Olowalu,LńĀhainńĀ,Maui
M179,Olowalu,LńĀhainńĀ,Maui
M18,Ukumehame,LńĀhainńĀ,Maui
M180,Olowalu,LńĀhainńĀ,Maui
M181,Palauea,Honua Ľula,Maui
M182,Honokahua,KńĀ Ľanapali,Maui
M183,Palauea,Honua Ľula,Maui
M184,Hanaka ĽŇć ĽŇć,LńĀhainńĀ,Maui
M185,Ha ĽikŇę,HńĀmńĀkualoa,Maui
M186,Kama Ľole,Kula,Maui
M189,PŇęlehunui,Kula,Maui
M19,HńĀmńĀkuapoko,HńĀmńĀkuapoko,Maui
M190,Kama Ľole,Kula,Maui
M191,Papa Ľanui,Honua Ľula,Maui
M192,Hanaka ĽŇć ĽŇć,LńĀhainńĀ,Maui
M193,Papa Ľanui,Honua Ľula,Maui
M194,Honokahua,KńĀ Ľanapali,Maui
M195,NńĀpili 2-3,KńĀ Ľanapali,Maui
M196,NńĀpili 2-3,KńĀ Ľanapali,Maui
M199,Kama Ľole,Kula,Maui
M201,Papa Ľanui,Honua Ľula,Maui
M202,HńĀmńĀkuapoko,HńĀmńĀkuapoko,Maui
M203,Hanaka ĽŇć ĽŇć,LńĀhainńĀ,Maui
M205,East Kaupakulua,HńĀmńĀkualoa,Maui
M207,Kawela,Kona,Moloka Ľi
M208,Kaluako‚Äėi,Kona,Moloka Ľi
M211,Honoulimalo Ľo,Kona,Moloka Ľi
M212,Kaluako‚Äėi,Kona,Moloka Ľi
M213,Kaluako‚Äėi,Kona,Moloka Ľi
M214,Kaluako‚Äėi,Kona,Moloka Ľi
M216,Kaluako‚Äėi,Kona,Moloka Ľi
M217,Kaluako‚Äėi,Kona,Moloka Ľi
M218,Kaluako‚Äėi,Kona,Moloka Ľi
M219,Kaluako‚Äėi,Kona,Moloka Ľi
M22,Ukumehame,LńĀhainńĀ,Maui
M220,Kaluako‚Äėi,Kona,Moloka Ľi
M222,Kumimi,Kona,Moloka Ľi
M223,PńĀlńĀ Ľau,Kona,Moloka Ľi
M224,Kalua‚Äėaha,Kona,Moloka Ľi
M225,Kaluako‚Äėi,Kona,Moloka Ľi
M226,Kaluako‚Äėi,Kona,Moloka Ľi
M227,Kaluako‚Äėi,Kona,Moloka Ľi
M228,Kaluako‚Äėi,Kona,Moloka Ľi
M23,HńĀmńĀkuapoko,HńĀmńĀkuapoko,Maui
M230,Kaluako‚Äėi,Kona,Moloka Ľi
M231,Kaluako‚Äėi,Kona,Moloka Ľi
M232,Makakupa‚Äėia,Kona,Moloka Ľi
M233,Kaluako‚Äėi,Kona,Moloka Ľi
M234,Kaluako‚Äėi,Kona,Moloka Ľi
M236,Makakupa‚Äėia,Kona,Moloka Ľi
M237,Makakupa‚Äėia,Kona,Moloka Ľi
M238,PńĀlńĀ Ľau,Kona,Moloka Ľi
M239,PńĀlńĀ Ľau,Kona,Moloka Ľi
M24,WaikapŇę,PŇę Ľali Komohana,Maui
M240,Honoulimalo Ľo,Kona,Moloka Ľi
M241,Kalama Ľula,Kona,Moloka Ľi
M242,Kaluako‚Äėi,Kona,Moloka Ľi
M243,Kawela,Kona,Moloka Ľi
M247,PńĀlńĀ Ľau,Kona,Moloka Ľi
M248,Waialua,Kona,Moloka Ľi
M249,Kainalu,Kona,Moloka Ľi
M25,HńĀmńĀkuapoko,HńĀmńĀkuapoko,Maui
M252,Kalua‚Äėaha,Kona,Moloka Ľi
M253,‚ÄėUalapu‚Äėe,Kona,Moloka Ľi
M254,Kaluako‚Äėi,Kona,Moloka Ľi
M258,PŇęko Ľo 1,Kona,Moloka Ľi
M259,Kawela,Kona,Moloka Ľi
M26,Ukumehame,LńĀhainńĀ,Maui
M261,PŇęko Ľo 1,Kona,Moloka Ľi
M262,Kaluako‚Äėi,Kona,Moloka Ľi
M263,Kaluako‚Äėi,Kona,Moloka Ľi
M264,Kaluako‚Äėi,Kona,Moloka Ľi
M265,Kamiloloa (Government),Kona,Moloka Ľi
M266,Kaluako‚Äėi,Kona,Moloka Ľi
M268,Kaunakakai,Kona,Moloka Ľi
M269,Kumimi,Kona,Moloka Ľi
M27,Ka Ľono Ľulu,Kula,Maui
M270,Kaluako‚Äėi,Kona,Moloka Ľi
M271,Kaluako‚Äėi,Kona,Moloka Ľi
M273,Kaluako‚Äėi,Kona,Moloka Ľi
M274,Kaluako‚Äėi,Kona,Moloka Ľi
M275,Waialua,Kona,Moloka Ľi
M276,Kaluako‚Äėi,Kona,Moloka Ľi
M277,Ka Ľamola,Kona,Moloka Ľi
M278,Kumimi,Kona,Moloka Ľi
M279,Kaunakakai,Kona,Moloka Ľi
M28,Ukumehame,LńĀhainńĀ,Maui
M282,Honouliwai,Kona,Moloka Ľi
M283,PńĀlńĀ Ľau,Kona,Moloka Ľi
M284,West  ĽŇĆhi Ľa,Kona,Moloka Ľi
M285,Kumimi,Kona,Moloka Ľi
M286,Kaunakakai,Kona,Moloka Ľi
M288,PŇęko Ľo 2,Kona,Moloka Ľi
M289,Kaluako‚Äėi,Kona,Moloka Ľi
M29,Waiohuli,Kula,Maui
M290,Makakupa‚Äėia,Kona,Moloka Ľi
M292,HńĀlawa,Ko Ľolau,Moloka Ľi
M293,HńĀlawa,Ko Ľolau,Moloka Ľi
M294,Kaunakakai,Kona,Moloka Ľi
M295,Moanui,Kona,Moloka Ľi
M296,KŇępeke,Kona,Moloka Ľi
M297,Waialua,Kona,Moloka Ľi
M298,Moanui,Kona,Moloka Ľi
M299,Makakupa‚Äėia,Kona,Moloka Ľi
M30,Ukumehame,LńĀhainńĀ,Maui
M300,Kaluako‚Äėi,Kona,Moloka Ľi
M31,Ukumehame,LńĀhainńĀ,Maui
M32,Ukumehame,LńĀhainńĀ,Maui
M33,Kama Ľole,Kula,Maui
M34,Kama Ľole,Kula,Maui
M35,Ukumehame,LńĀhainńĀ,Maui
M36,KńďŇćkea,Kula,Maui
M37,Waiohuli,Kula,Maui
M38,Waiohuli,Kula,Maui
M39,Waiohuli,Kula,Maui
M4,WaikapŇę,PŇę Ľali Komohana,Maui
M40,KńďŇćkea,Kula,Maui
M41,Waiohuli,Kula,Maui
M42,Waiohuli,Kula,Maui
M43,Waiohuli,Kula,Maui
M44,Waiohuli,Kula,Maui
M45,Waiohuli,Kula,Maui
M46,Kama Ľole,Kula,Maui
M47,Wailuku,PŇę Ľali Komohana,Maui
M48,Ka Ľono Ľulu,Kula,Maui
M49,KńďŇćkea,Kula,Maui
M5,WaikapŇę,PŇę Ľali Komohana,Maui
M50,Wailuku,PŇę Ľali Komohana,Maui
M52,WaikapŇę,PŇę Ľali Komohana,Maui
M53,WaikapŇę,PŇę Ľali Komohana,Maui
M56,PŇęlehunui,Kula,Maui
M57,WaikapŇę,PŇę Ľali Komohana,Maui
M58,PŇęlehunui,Kula,Maui
M59,PŇęlehunui,Kula,Maui
M6,Ukumehame,LńĀhainńĀ,Maui
M62,WaikapŇę,PŇę Ľali Komohana,Maui
M63,WaikapŇę,PŇę Ľali Komohana,Maui
M64,WaikapŇę,PŇę Ľali Komohana,Maui
M68,HńĀmńĀkuapoko,HńĀmńĀkuapoko,Maui
M69,Waiohuli,Kula,Maui
M7,Ukumehame,LńĀhainńĀ,Maui
M73,HńĀmńĀkuapoko,HńĀmńĀkuapoko,Maui
M74,Moali Ľi,LńĀhainńĀ,Maui
M75,Olowalu,LńĀhainńĀ,Maui
M76,WaikapŇę,PŇę Ľali Komohana,Maui
M77,WaikapŇę,PŇę Ľali Komohana,Maui
M78,Paunau,LńĀhainńĀ,Maui
M79,Kahana,KńĀ Ľanapali,Maui
M8,WaikapŇę,PŇę Ľali Komohana,Maui
M81,Ukumehame,LńĀhainńĀ,Maui
M83,Olowalu,LńĀhainńĀ,Maui
M86,Wailuku,PŇę Ľali Komohana,Maui
M87,Kahana,KńĀ Ľanapali,Maui
M88,Mailepai,KńĀ Ľanapali,Maui
M89,Honokahua,KńĀ Ľanapali,Maui
M9,WaikapŇę,PŇę Ľali Komohana,Maui
M91,Wailuku,PŇę Ľali Komohana,Maui
M92,HonokŇćwai,KńĀ Ľanapali,Maui
M93,Mailepai,KńĀ Ľanapali,Maui
M94,NńĀpili 4-5,KńĀ Ľanapali,Maui
M95,HonokŇćwai,KńĀ Ľanapali,Maui
M96,HonokŇćwai,KńĀ Ľanapali,Maui
M97,Wailuku,PŇę Ľali Komohana,Maui
M98,HonokŇćwai,KńĀ Ľanapali,Maui
M99,NńĀpili 2-3,KńĀ Ľanapali,Maui
MA1,Launiupoko,LńĀhainńĀ,Maui
MK 11,Kaluako‚Äėi,Kona,Moloka Ľi
MK 12,Kaluako‚Äėi,Kona,Moloka Ľi
MK 13,Kaluako‚Äėi,Kona,Moloka Ľi
MK 15,Kaluako‚Äėi,Kona,Moloka Ľi
MK 17,Kaluako‚Äėi,Kona,Moloka Ľi
MK 18,Kaluako‚Äėi,Kona,Moloka Ľi
MK 21,Kaluako‚Äėi,Kona,Moloka Ľi
MK 22,Kaluako‚Äėi,Kona,Moloka Ľi
MK 26,Kaluako‚Äėi,Kona,Moloka Ľi
MK 27,Kaluako‚Äėi,Kona,Moloka Ľi
MK 30,Kaluako‚Äėi,Kona,Moloka Ľi
MK1,Kahanui,Kona,Moloka Ľi
MK2,Kaluako‚Äėi,Kona,Moloka Ľi
MK23,HńĀlawa,Ko Ľolau,Moloka Ľi
MK24,Kalaupapa,Ko Ľolau,Moloka Ľi
MK25,Kalaupapa,Ko Ľolau,Moloka Ľi
MK28,Kalaupapa,Ko Ľolau,Moloka Ľi
MK29,Kalaupapa,Ko Ľolau,Moloka Ľi
MK3,Kamiloloa (Government),Kona,Moloka Ľi
MK31,Kalaupapa,Ko Ľolau,Moloka Ľi
MK4,Kamiloloa (Government),Kona,Moloka Ľi
MK5,Kapa‚Äėakea,Kona,Moloka Ľi
MRK13,WaikapŇę,PŇę Ľali Komohana,Maui
OA 168,Kailua,Ko Ľolaupoko,O Ľahu
OA 274,Maunalua,Kona,O Ľahu
OA 375,Ka Ľa Ľawa,Ko Ľolauloa,O Ľahu
OA 394,Kahalu Ľu,Ko Ľolaupoko,O Ľahu
OA 425,Ka Ľa Ľawa,Ko Ľolauloa,O Ľahu
OA 436,Ka Ľa Ľawa,Ko Ľolauloa,O Ľahu
OA 465,WaimńĀnalo,Ko Ľolaupoko,O Ľahu
OA 54,Kama Ľole,Kula,Maui
OA 75,Wailuku,PŇę Ľali Komohana,Maui
OA1,Kawailoa,Waialua,O Ľahu
OA10,He Ľeia,Ko Ľolaupoko,O Ľahu
OA100,Waikńękńę,Kona,O Ľahu
OA1001,Open Ocean,Open Ocean,O Ľahu
OA1002,Open Ocean,Open Ocean,O Ľahu
OA1003,Open Ocean,Open Ocean,O Ľahu
OA1004,Open Ocean,Open Ocean,O Ľahu
OA1005,Open Ocean,Open Ocean,O Ľahu
OA1006,Open Ocean,Open Ocean,O Ľahu
OA101,Waikńękńę,Kona,O Ľahu
OA106,HonokŇćwai,KńĀ Ľanapali,Maui
OA107,HńĀmńĀkuapoko,HńĀmńĀkuapoko,Maui
OA109,Moali Ľi,LńĀhainńĀ,Maui
OA11,He Ľeia,Ko Ľolaupoko,O Ľahu
OA110,Mohopilo,Honua Ľula,Maui
OA111,Hanaka ĽŇć ĽŇć,LńĀhainńĀ,Maui
OA112,HńĀmńĀkuapoko,HńĀmńĀkuapoko,Maui
OA113,Kama Ľole,Kula,Maui
OA114,HonokŇćwai,KńĀ Ľanapali,Maui
OA115,Palauea,Honua Ľula,Maui
OA116,HonokŇćwai,KńĀ Ľanapali,Maui
OA117,Paunau,LńĀhainńĀ,Maui
OA118,‚ÄėUalapu‚Äėe,Kona,Moloka Ľi
OA12,Kahalu Ľu,Ko Ľolaupoko,O Ľahu
OA121,Manawai,Kona,Moloka Ľi
OA123,Makakupa‚Äėia,Kona,Moloka Ľi
OA127,Kawela,Kona,Moloka Ľi
OA128,KamalŇć,Kona,Moloka Ľi
OA129,Kawela,Kona,Moloka Ľi
OA13,Kahalu Ľu,Ko Ľolaupoko,O Ľahu
OA130,Kapulei,Kona,Moloka Ľi
OA131,MńĀkolelau,Kona,Moloka Ľi
OA133,PŇęlehunui,Kula,Maui
OA134,Waiakoa,Kula,Maui
OA139,Waiakoa,Kula,Maui
OA14,Kahalu Ľu,Ko Ľolaupoko,O Ľahu
OA140,Waiohuli,Kula,Maui
OA142,Ka Ľono Ľulu,Kula,Maui
OA143,Waiohuli,Kula,Maui
OA144,He Ľeia,Ko Ľolaupoko,O Ľahu
OA145,KńĀne Ľohe,Ko Ľolaupoko,O Ľahu
OA146,He Ľeia,Ko Ľolaupoko,O Ľahu
OA147,He Ľeia,Ko Ľolaupoko,O Ľahu
OA148,KńĀne Ľohe,Ko Ľolaupoko,O Ľahu
OA149,He Ľeia,Ko Ľolaupoko,O Ľahu
OA15,WaińĀhole,Ko Ľolaupoko,O Ľahu
OA150,KńĀne Ľohe,Ko Ľolaupoko,O Ľahu
OA151,He Ľeia,Ko Ľolaupoko,O Ľahu
OA152,He Ľeia,Ko Ľolaupoko,O Ľahu
OA153,He Ľeia,Ko Ľolaupoko,O Ľahu
OA154,KńĀne Ľohe,Ko Ľolaupoko,O Ľahu
OA155,He Ľeia,Ko Ľolaupoko,O Ľahu
OA156,MńĀkaha,Wai Ľanae,O Ľahu
OA157,KńĀne Ľohe,Ko Ľolaupoko,O Ľahu
OA16,WaińĀhole,Ko Ľolaupoko,O Ľahu
OA160,Maunalua,Kona,O Ľahu
OA162,Waikńękńę,Kona,O Ľahu
OA164,Open Ocean,Open Ocean,O Ľahu
OA165,Kailua,Ko Ľolaupoko,O Ľahu
OA166,Waikńękńę,Kona,O Ľahu
OA167,Waikńękńę,Kona,O Ľahu
OA169,LńĀ Ľiewai,Ko Ľolauloa,O Ľahu
OA17,Maunalua,Kona,O Ľahu
OA170,Punanue,Waialua,O Ľahu
OA171,PaumalŇę,Ko Ľolauloa,O Ľahu
OA173,Waikńękńę,Kona,O Ľahu
OA174,Mokulńď Ľia 1,Waialua,O Ľahu
OA175,Mokulńď Ľia 2,Waialua,O Ľahu
OA176,Malaekahana,Ko Ľolauloa,O Ľahu
OA178,Kawailoa,Waialua,O Ľahu
OA179,Kikahi,Waialua,O Ľahu
OA18,Maunalua,Kona,O Ľahu
OA180,Waikńękńę,Kona,O Ľahu
OA181,Pahipahi ĽńĀlua,Ko Ľolauloa,O Ľahu
OA182,Pa Ľala Ľa,Waialua,O Ľahu
OA183,Waimea,Ko Ľolauloa,O Ľahu
OA184,Kuikuiloloa,Waialua,O Ľahu
OA185,Waikńękńę,Kona,O Ľahu
OA186,WaimńĀnalo,Ko Ľolaupoko,O Ľahu
OA189,KawaihńĀpai,Waialua,O Ľahu
OA19,Maunalua,Kona,O Ľahu
OA190,Pa Ľala Ľa,Waialua,O Ľahu
OA193,Waikńękńę,Kona,O Ľahu
OA195,Kailua,Ko Ľolaupoko,O Ľahu
OA196,Kailua,Ko Ľolaupoko,O Ľahu
OA197,Maunalua,Kona,O Ľahu
OA2,Kapaeloa,Waialua,O Ľahu
OA20,Maunalua,Kona,O Ľahu
OA206,Kailua,Ko Ľolaupoko,O Ľahu
OA207,Kailua,Ko Ľolaupoko,O Ľahu
OA208,Kailua,Ko Ľolaupoko,O Ľahu
OA21,WaikapŇę,PŇę Ľali Komohana,Maui
OA210,KńĀne Ľohe,Ko Ľolaupoko,O Ľahu
OA211,Waikńękńę,Kona,O Ľahu
OA212,Waikńękńę,Kona,O Ľahu
OA213,Waikńękńę,Kona,O Ľahu
OA214,Waikńękńę,Kona,O Ľahu
OA215,Honouliuli, ĽEwa,O Ľahu
OA216,Waikńękńę,Kona,O Ľahu
OA217,Waikńękńę,Kona,O Ľahu
OA218,Waikńękńę,Kona,O Ľahu
OA219,Waikńękńę,Kona,O Ľahu
OA22,WaikapŇę,PŇę Ľali Komohana,Maui
OA220,Waikńękńę,Kona,O Ľahu
OA221,Waikńękńę,Kona,O Ľahu
OA222,Honolulu,Kona,O Ľahu
OA226,MńĀkaha,Wai Ľanae,O Ľahu
OA227,Wai Ľanae,Wai Ľanae,O Ľahu
OA228,Honouliuli, ĽEwa,O Ľahu
OA229,NńĀnńĀkuli,Wai Ľanae,O Ľahu
OA23,Kama Ľole,Kula,Maui
OA230,Wailuku,PŇę Ľali Komohana,Maui
OA231,Kaluako‚Äėi,Kona,Moloka Ľi
OA234,Wailuku,PŇę Ľali Komohana,Maui
OA235,PŇęlehunui,Kula,Maui
OA238,Kaluako‚Äėi,Kona,Moloka Ľi
OA239,Kaluako‚Äėi,Kona,Moloka Ľi
OA24,Waiakoa,Kula,Maui
OA242,Kaluako‚Äėi,Kona,Moloka Ľi
OA246,Kaluako‚Äėi,Kona,Moloka Ľi
OA247,Kaluako‚Äėi,Kona,Moloka Ľi
OA25,PŇęlehunui,Kula,Maui
OA251,Kaluako‚Äėi,Kona,Moloka Ľi
OA252,Waikńękńę,Kona,O Ľahu
OA254,Waikńękńę,Kona,O Ľahu
OA255,Maunalua,Kona,O Ľahu
OA256,Waikńękńę,Kona,O Ľahu
OA257,Maunalua,Kona,O Ľahu
OA258,WaimńĀnalo,Ko Ľolaupoko,O Ľahu
OA259,Waikńękńę,Kona,O Ľahu
OA26,Kama Ľole,Kula,Maui
OA260,Maunalua,Kona,O Ľahu
OA261,Kualoa 1,Ko Ľolaupoko,O Ľahu
OA262,Kualoa 1,Ko Ľolaupoko,O Ľahu
OA263,Waikane,Ko Ľolaupoko,O Ľahu
OA264,Ka Ľa Ľawa,Ko Ľolauloa,O Ľahu
OA266,Waikńękńę,Kona,O Ľahu
OA267,Waikńękńę,Kona,O Ľahu
OA27,Ka Ľono Ľulu,Kula,Maui
OA272,Honouliuli, ĽEwa,O Ľahu
OA275,Maunalua,Kona,O Ľahu
OA276,Waikńękńę,Kona,O Ľahu
OA277,Honouliuli, ĽEwa,O Ľahu
OA278,Waikńękńę,Kona,O Ľahu
OA28,Kama Ľole,Kula,Maui
OA280,Waikńękńę,Kona,O Ľahu
OA281,Kailua,Ko Ľolaupoko,O Ľahu
OA283,Honouliuli, ĽEwa,O Ľahu
OA284,Honouliuli, ĽEwa,O Ľahu
OA285,Open Ocean,Open Ocean,O Ľahu
OA287,Open Ocean,Open Ocean,Kaua Ľi
OA288,Open Ocean,Open Ocean,O Ľahu
OA29,KńďŇćkea,Kula,Maui
OA290,WaimńĀnalo,Ko Ľolaupoko,O Ľahu
OA292,Wai Ľanae,Wai Ľanae,O Ľahu
OA293,Waikńękńę,Kona,O Ľahu
OA296,Kailua,Ko Ľolaupoko,O Ľahu
OA297,Kailua,Ko Ľolaupoko,O Ľahu
OA298,He Ľeia,Ko Ľolaupoko,O Ľahu
OA299,Open Ocean,Open Ocean,O Ľahu
OA3,Kapaeloa,Waialua,O Ľahu
OA30,Kama Ľole,Kula,Maui
OA301,Kailua,Ko Ľolaupoko,O Ľahu
OA302,Waikńękńę,Kona,O Ľahu
OA309,WaimńĀnalo,Ko Ľolaupoko,O Ľahu
OA31,KńďŇćkea,Kula,Maui
OA311,Honouliuli, ĽEwa,O Ľahu
OA312,Waikńękńę,Kona,O Ľahu
OA315,PaumalŇę,Ko Ľolauloa,O Ľahu
OA316,LńĀ Ľiewai,Ko Ľolauloa,O Ľahu
OA319,Kailua,Ko Ľolaupoko,O Ľahu
OA32,Wailuku,PŇę Ľali Komohana,Maui
OA320,Kailua,Ko Ľolaupoko,O Ľahu
OA321,PŇępŇękea,Ko Ľolauloa,O Ľahu
OA323,Lauhulu,Waialua,O Ľahu
OA324,PŇępŇękea,Ko Ľolauloa,O Ľahu
OA325,Pa Ľala Ľa,Waialua,O Ľahu
OA326,PŇępŇękea,Ko Ľolauloa,O Ľahu
OA327,Ka Ľena,Waialua,O Ľahu
OA328,Waiale Ľe,Ko Ľolauloa,O Ľahu
OA33,Wahikuli,LńĀhainńĀ,Maui
OA331,KawaihńĀpai,Waialua,O Ľahu
OA332,KawaihńĀpai,Waialua,O Ľahu
OA333,KawaihńĀpai,Waialua,O Ľahu
OA334,KawaihńĀpai,Waialua,O Ľahu
OA336,PaumalŇę,Ko Ľolauloa,O Ľahu
OA337, ĽŇĆi Ľo 2,Ko Ľolauloa,O Ľahu
OA338,PŇępŇękea,Ko Ľolauloa,O Ľahu
OA34,HńĀmńĀkuapoko,HńĀmńĀkuapoko,Maui
OA340,NńĀnńĀkuli,Wai Ľanae,O Ľahu
OA341,Waikńękńę,Kona,O Ľahu
OA342,Maunalua,Kona,O Ľahu
OA343,Waikńękńę,Kona,O Ľahu
OA345,KawaihńĀpai,Waialua,O Ľahu
OA346,KawaihńĀpai,Waialua,O Ľahu
OA347,KawaihńĀpai,Waialua,O Ľahu
OA348,Mokulńď Ľia 1,Waialua,O Ľahu
OA349,KawaihńĀpai,Waialua,O Ľahu
OA35,Kama Ľole,Kula,Maui
OA350,Waikńękńę,Kona,O Ľahu
OA351,Honouliuli, ĽEwa,O Ľahu
OA352,Honouliuli, ĽEwa,O Ľahu
OA353,Waikńękńę,Kona,O Ľahu
OA354,Maunalua,Kona,O Ľahu
OA355,Waikńękńę,Kona,O Ľahu
OA356,Maunalua,Kona,O Ľahu
OA357,HńĀlawa, ĽEwa,O Ľahu
OA358,Honolulu,Kona,O Ľahu
OA359,WaimńĀnalo,Ko Ľolaupoko,O Ľahu
OA36,Ha ĽikŇę,HńĀmńĀkualoa,Maui
OA360,Kuli Ľou Ľou,Kona,O Ľahu
OA362,Honouliuli, ĽEwa,O Ľahu
OA363,Kahalu Ľu,Ko Ľolaupoko,O Ľahu
OA364,Honouliuli, ĽEwa,O Ľahu
OA367,Kea Ľau,Wai Ľanae,O Ľahu
OA369,MńĀkaha,Wai Ľanae,O Ľahu
OA370,Waikńękńę,Kona,O Ľahu
OA378,Wai Ľanae,Wai Ľanae,O Ľahu
OA38,Paeahu,Kula,Maui
OA380,Honouliuli, ĽEwa,O Ľahu
OA381,Kahalu Ľu,Ko Ľolaupoko,O Ľahu
OA383,He Ľeia,Ko Ľolaupoko,O Ľahu
OA386,Waikńękńę,Kona,O Ľahu
OA389,KahanahńĀiki,Wai Ľanae,O Ľahu
OA39,KńďŇćkea,Kula,Maui
OA391,WaimńĀnalo,Ko Ľolaupoko,O Ľahu
OA394,Kualoa 1,Ko Ľolaupoko,O Ľahu
OA396,He Ľeia,Ko Ľolaupoko,O Ľahu
OA399,Kailua,Ko Ľolaupoko,O Ľahu
OA4,Kapaeloa,Waialua,O Ľahu
OA40,HńĀmńĀkuapoko,HńĀmńĀkuapoko,Maui
OA403,Kualoa 1,Ko Ľolaupoko,O Ľahu
OA406,Waikńękńę,Kona,O Ľahu
OA408,Maunalua,Kona,O Ľahu
OA416,He Ľeia,Ko Ľolaupoko,O Ľahu
OA418,Kuli Ľou Ľou,Kona,O Ľahu
OA419,KńĀne Ľohe,Ko Ľolaupoko,O Ľahu
OA420,Kuli Ľou Ľou,Kona,O Ľahu
OA423,Waikńękńę,Kona,O Ľahu
OA424,Waikńękńę,Kona,O Ľahu
OA426,He Ľeia,Ko Ľolaupoko,O Ľahu
OA429,Keawa Ľula,Wai Ľanae,O Ľahu
OA43,He Ľeia,Ko Ľolaupoko,O Ľahu
OA433,He Ľeia,Ko Ľolaupoko,O Ľahu
OA434,Kahalu Ľu,Ko Ľolaupoko,O Ľahu
OA437,KńĀne Ľohe,Ko Ľolaupoko,O Ľahu
OA439,Kailua,Ko Ľolaupoko,O Ľahu
OA44,PŇęehuehunui,LńĀhainńĀ,Maui
OA440,Honouliuli, ĽEwa,O Ľahu
OA443,Maunalua,Kona,O Ľahu
OA444,Kahalu Ľu,Ko Ľolaupoko,O Ľahu
OA446,Maunalua,Kona,O Ľahu
OA448,Waikńękńę,Kona,O Ľahu
OA449,Honouliuli, ĽEwa,O Ľahu
OA450,NńĀnńĀkuli,Wai Ľanae,O Ľahu
OA451,KńĀne Ľohe,Ko Ľolaupoko,O Ľahu
OA452,Waikńękńę,Kona,O Ľahu
OA453,Honouliuli, ĽEwa,O Ľahu
OA454,Wai Ľanae,Wai Ľanae,O Ľahu
OA455,Wai Ľanae,Wai Ľanae,O Ľahu
OA456,Honolulu,Kona,O Ľahu
OA457,Waikńękńę,Kona,O Ľahu
OA458,KńĀne Ľohe,Ko Ľolaupoko,O Ľahu
OA459,Wai Ľanae,Wai Ľanae,O Ľahu
OA46,Olowalu,LńĀhainńĀ,Maui
OA460,Kalihi,Kona,O Ľahu
OA461,Waikńękńę,Kona,O Ľahu
OA464,Wai Ľanae,Wai Ľanae,O Ľahu
OA466,KńĀne Ľohe,Ko Ľolaupoko,O Ľahu
OA467,Honolulu,Kona,O Ľahu
OA468,Waikńękńę,Kona,O Ľahu
OA469,N/A, ĽEwa,O Ľahu
OA47,Launiupoko,LńĀhainńĀ,Maui
OA470,Honolulu,Kona,O Ľahu
OA472,Kuli Ľou Ľou,Kona,O Ľahu
OA473,Maunalua,Kona,O Ľahu
OA474,Maunalua,Kona,O Ľahu
OA475,N/A, ĽEwa,O Ľahu
OA476,Kailua,Ko Ľolaupoko,O Ľahu
OA477,Honouliuli, ĽEwa,O Ľahu
OA478,Waikńękńę,Kona,O Ľahu
OA479,Waikńękńę,Kona,O Ľahu
OA480,Waikńękńę,Kona,O Ľahu
OA482,Maunalua,Kona,O Ľahu
OA484,Waikńękńę,Kona,O Ľahu
OA485,Kuli Ľou Ľou,Kona,O Ľahu
OA486,Honouliuli, ĽEwa,O Ľahu
OA487,Honouliuli, ĽEwa,O Ľahu
OA488,Honolulu,Kona,O Ľahu
OA489,Waikńękńę,Kona,O Ľahu
OA49,Paunau,LńĀhainńĀ,Maui
OA490,Maunalua,Kona,O Ľahu
OA491,Waikńękńę,Kona,O Ľahu
OA492,Waikńękńę,Kona,O Ľahu
OA493,Honolulu,Kona,O Ľahu
OA494,Waikńękńę,Kona,O Ľahu
OA495,Waikńękńę,Kona,O Ľahu
OA496,WaimńĀnalo,Ko Ľolaupoko,O Ľahu
OA497,Honolulu,Kona,O Ľahu
OA498,Honolulu,Kona,O Ľahu
OA499,He Ľeia,Ko Ľolaupoko,O Ľahu
OA5,Kapaeloa,Waialua,O Ľahu
OA50,Launiupoko,LńĀhainńĀ,Maui
OA500,Kuli Ľou Ľou,Kona,O Ľahu
OA501,Kuli Ľou Ľou,Kona,O Ľahu
OA502,Kuli Ľou Ľou,Kona,O Ľahu
OA503,Waikńękńę,Kona,O Ľahu
OA504,Waikńękńę,Kona,O Ľahu
OA51,Kalihi,Honua Ľula,Maui
OA52,Kalihi,Honua Ľula,Maui
OA521,Maunalua,Kona,O Ľahu
OA522,Kuli Ľou Ľou,Kona,O Ľahu
OA523,Maunalua,Kona,O Ľahu
OA524,Maunalua,Kona,O Ľahu
OA525,Maunalua,Kona,O Ľahu
OA527,Honolulu,Kona,O Ľahu
OA529,Waikńękńę,Kona,O Ľahu
OA53,Mohopilo,Honua Ľula,Maui
OA531,Waikńękńę,Kona,O Ľahu
OA532,Waikńękńę,Kona,O Ľahu
OA533,Waikńękńę,Kona,O Ľahu
OA541,Waikńękńę,Kona,O Ľahu
OA55,Mohopilo,Honua Ľula,Maui
OA552,Maunalua,Kona,O Ľahu
OA553,Maunalua,Kona,O Ľahu
OA554,Kalihi,Kona,O Ľahu
OA557,Kuli Ľou Ľou,Kona,O Ľahu
OA56,Mohopilo,Honua Ľula,Maui
OA562,WaimńĀnalo,Ko Ľolaupoko,O Ľahu
OA563,Kuli Ľou Ľou,Kona,O Ľahu
OA564,Honolulu,Kona,O Ľahu
OA57,Mohopilo,Honua Ľula,Maui
OA573,Waikńękńę,Kona,O Ľahu
OA574,WaimńĀnalo,Ko Ľolaupoko,O Ľahu
OA575,Waikńękńę,Kona,O Ľahu
OA58,Mohopilo,Honua Ľula,Maui
OA582,Maunalua,Kona,O Ľahu
OA583,Waikńękńę,Kona,O Ľahu
OA584,Waikńękńę,Kona,O Ľahu
OA585,Honolulu,Kona,O Ľahu
OA59,Mohopilo,Honua Ľula,Maui
OA593,Waikńękńę,Kona,O Ľahu
OA594,Waikńękńę,Kona,O Ľahu
OA595,Honolulu,Kona,O Ľahu
OA6,KńĀne Ľohe,Ko Ľolaupoko,O Ľahu
OA60,Palauea,Honua Ľula,Maui
OA603,WaimńĀnalo,Ko Ľolaupoko,O Ľahu
OA604,Waikńękńę,Kona,O Ľahu
OA605,Kailua,Ko Ľolaupoko,O Ľahu
OA606,Kailua,Ko Ľolaupoko,O Ľahu
OA607,N/A, ĽEwa,O Ľahu
OA608,Waikńękńę,Kona,O Ľahu
OA611,Maunalua,Kona,O Ľahu
OA612,Waikńękńę,Kona,O Ľahu
OA613,Kailua,Ko Ľolaupoko,O Ľahu
OA62,Wailuku,PŇę Ľali Komohana,Maui
OA64,Wailuku,PŇę Ľali Komohana,Maui
OA65,Wailuku,PŇę Ľali Komohana,Maui
OA66,Wailuku,PŇę Ľali Komohana,Maui
OA67,HńĀmńĀkuapoko,HńĀmńĀkuapoko,Maui
OA68,Wailuku,PŇę Ľali Komohana,Maui
OA69,Wailuku,PŇę Ľali Komohana,Maui
OA7,KńĀne Ľohe,Ko Ľolaupoko,O Ľahu
OA70,HńĀmńĀkuapoko,HńĀmńĀkuapoko,Maui
OA700, ĽŇĆi Ľo 1,Ko Ľolauloa,O Ľahu
OA701, ĽŇĆi Ľo 2,Ko Ľolauloa,O Ľahu
OA702,Hanaka Ľoe,Ko Ľolauloa,O Ľahu
OA703,Kaunala,Ko Ľolauloa,O Ľahu
OA704,Kaunala,Ko Ľolauloa,O Ľahu
OA705,PaumalŇę,Ko Ľolauloa,O Ľahu
OA706,PaumalŇę,Ko Ľolauloa,O Ľahu
OA707,PaumalŇę,Ko Ľolauloa,O Ľahu
OA708,PŇępŇękea,Ko Ľolauloa,O Ľahu
OA709,PŇępŇękea,Ko Ľolauloa,O Ľahu
OA71,Wailuku,PŇę Ľali Komohana,Maui
OA710,Kahuku,Ko Ľolauloa,O Ľahu
OA711,Keana,Ko Ľolauloa,O Ľahu
OA712,Malaekahana,Ko Ľolauloa,O Ľahu
OA713,Malaekahana,Ko Ľolauloa,O Ľahu
OA714,LńĀ Ľiewai,Ko Ľolauloa,O Ľahu
OA715,Punalau,Ko Ľolauloa,O Ľahu
OA716,Ulupehupehu,Ko Ľolauloa,O Ľahu
OA717,Kawela,Ko Ľolauloa,O Ľahu
OA718,Ulupehupehu,Ko Ľolauloa,O Ľahu
OA719,Kahuku,Ko Ľolauloa,O Ľahu
OA72,Wailuku,PŇę Ľali Komohana,Maui
OA720,Hanaka Ľoe,Ko Ľolauloa,O Ľahu
OA721,Kawela,Ko Ľolauloa,O Ľahu
OA722,Punalau,Ko Ľolauloa,O Ľahu
OA723,Punalau,Ko Ľolauloa,O Ľahu
OA724,Kawela,Ko Ľolauloa,O Ľahu
OA725,LńĀ Ľiewai,Ko Ľolauloa,O Ľahu
OA726,LńĀ Ľiewai,Ko Ľolauloa,O Ľahu
OA727,LńĀ Ľiewai,Ko Ľolauloa,O Ľahu
OA728,LńĀ Ľiewai,Ko Ľolauloa,O Ľahu
OA729,LńĀ Ľiewai,Ko Ľolauloa,O Ľahu
OA73,Wailuku,PŇę Ľali Komohana,Maui
OA730,LńĀ Ľiemalo Ľo,Ko Ľolauloa,O Ľahu
OA731,LńĀ Ľiemalo Ľo,Ko Ľolauloa,O Ľahu
OA732,LńĀ Ľiemalo Ľo,Ko Ľolauloa,O Ľahu
OA733,LńĀ Ľiemalo Ľo,Ko Ľolauloa,O Ľahu
OA734,Kaipapa Ľu,Ko Ľolauloa,O Ľahu
OA739,Kailua,Ko Ľolaupoko,O Ľahu
OA74,Kama Ľole,Kula,Maui
OA744,Kailua,Ko Ľolaupoko,O Ľahu
OA745,Pahipahi ĽńĀlua,Ko Ľolauloa,O Ľahu
OA746,Waiale Ľe,Ko Ľolauloa,O Ľahu
OA747,Pahipahi ĽńĀlua,Ko Ľolauloa,O Ľahu
OA748,Kailua,Ko Ľolaupoko,O Ľahu
OA749, ĽŇĆpana 2,Ko Ľolauloa,O Ľahu
OA750,Kaluanui,Ko Ľolauloa,O Ľahu
OA751,Kapaka,Ko Ľolauloa,O Ľahu
OA752,LńĀ Ľiewai,Ko Ľolauloa,O Ľahu
OA753,Waiale Ľe,Ko Ľolauloa,O Ľahu
OA754,Pahipahi ĽńĀlua,Ko Ľolauloa,O Ľahu
OA759,Kailua,Ko Ľolaupoko,O Ľahu
OA76,KńďŇćkea,Kula,Maui
OA764,Kailua,Ko Ľolaupoko,O Ľahu
OA769,Kailua,Ko Ľolaupoko,O Ľahu
OA78,Wailuku,PŇę Ľali Komohana,Maui
OA780,Hau Ľula,Ko Ľolauloa,O Ľahu
OA781,Kapaka,Ko Ľolauloa,O Ľahu
OA782,Punalu Ľu,Ko Ľolauloa,O Ľahu
OA783,Wai Ľono,Ko Ľolauloa,O Ľahu
OA784,Hale Ľaha,Ko Ľolauloa,O Ľahu
OA785,WaimńĀnalo,Ko Ľolaupoko,O Ľahu
OA79,Paeahu,Kula,Maui
OA790,WaimńĀnalo,Ko Ľolaupoko,O Ľahu
OA791,Maunalua,Kona,O Ľahu
OA792,Maunalua,Kona,O Ľahu
OA793,WaimńĀnalo,Ko Ľolaupoko,O Ľahu
OA794,WaimńĀnalo,Ko Ľolaupoko,O Ľahu
OA796,WaimńĀnalo,Ko Ľolaupoko,O Ľahu
OA797,Maunalua,Kona,O Ľahu
OA798,WaimńĀnalo,Ko Ľolaupoko,O Ľahu
OA799,Maunalua,Kona,O Ľahu
OA8,KńĀne Ľohe,Ko Ľolaupoko,O Ľahu
OA80,Wailuku,PŇę Ľali Komohana,Maui
OA81,Honolulu,Kona,O Ľahu
OA83,Honolulu,Kona,O Ľahu
OA851,Hanaka Ľoe,Ko Ľolauloa,O Ľahu
OA852,PaumalŇę,Ko Ľolauloa,O Ľahu
OA853,PŇępŇękea,Ko Ľolauloa,O Ľahu
OA854,PŇępŇękea,Ko Ľolauloa,O Ľahu
OA860,PŇępŇękea,Ko Ľolauloa,O Ľahu
OA865,Kawela,Ko Ľolauloa,O Ľahu
OA866,PŇępŇękea,Ko Ľolauloa,O Ľahu
OA867,PŇępŇękea,Ko Ľolauloa,O Ľahu
OA88,He Ľeia,Ko Ľolaupoko,O Ľahu
OA9,KńĀne Ľohe,Ko Ľolaupoko,O Ľahu
OA90,Waiohuli,Kula,Maui
OA91,Ka Ľono Ľulu,Kula,Maui
OA92,Waiohuli,Kula,Maui
OA938,WaimńĀnalo,Ko Ľolaupoko,O Ľahu
OA939,WaimńĀnalo,Ko Ľolaupoko,O Ľahu
OA94,Kuikuiloloa,Waialua,O Ľahu
OA940,WaimńĀnalo,Ko Ľolaupoko,O Ľahu
OA941,WaimńĀnalo,Ko Ľolaupoko,O Ľahu
OA942,WaimńĀnalo,Ko Ľolaupoko,O Ľahu
OA943,WaimńĀnalo,Ko Ľolaupoko,O Ľahu
OA944,WaimńĀnalo,Ko Ľolaupoko,O Ľahu
OA945,WaimńĀnalo,Ko Ľolaupoko,O Ľahu
OA946,WaimńĀnalo,Ko Ľolaupoko,O Ľahu
OA947,WaimńĀnalo,Ko Ľolaupoko,O Ľahu
OA949,WaimńĀnalo,Ko Ľolaupoko,O Ľahu
OA95,KńďŇćkea,Kula,Maui
OA950,WaimńĀnalo,Ko Ľolaupoko,O Ľahu
OA953,WaińĀhole,Ko Ľolaupoko,O Ľahu
OA954,Ka Ľa Ľawa,Ko Ľolauloa,O Ľahu
OA955,Kahana,Ko Ľolauloa,O Ľahu
OA959,Kualoa 2,Ko Ľolaupoko,O Ľahu
OA96,Waikńękńę,Kona,O Ľahu
OA960,Makaua 1,Ko Ľolauloa,O Ľahu
OA963,Kualoa 1,Ko Ľolaupoko,O Ľahu
OA964,Ka Ľa Ľawa,Ko Ľolauloa,O Ľahu
OA965,Punalu Ľu,Ko Ľolauloa,O Ľahu
OA969,Ka Ľa Ľawa,Ko Ľolauloa,O Ľahu
OA97,Kaluako‚Äėi,Kona,Moloka Ľi
OA970,Kahana,Ko Ľolauloa,O Ľahu
OA973,Waihe Ľe,Ko Ľolaupoko,O Ľahu
OA974,Ka Ľa Ľawa,Ko Ľolauloa,O Ľahu
OA975,Punalu Ľu,Ko Ľolauloa,O Ľahu
OA98,Kaluako‚Äėi,Kona,Moloka Ľi
OA99,Kahalu Ľu,Ko Ľolaupoko,O Ľahu
OA999,Kahalu Ľu,Ko Ľolaupoko,O Ľahu
OA237,PńĀlńĀwai,LńĀhainńĀ,LńĀna Ľi
OA248,PńĀlńĀwai,LńĀhainńĀ,LńĀna Ľi
OA305,PńĀlńĀwai,LńĀhainńĀ,LńĀna Ľi
OA361,Honouliuli, ĽEwa,O Ľahu
OA382,MńĀkaha,Wai Ľanae,O Ľahu
OA392,Wai Ľanae,Wai Ľanae,O Ľahu
OA401,Wai Ľanae,Wai Ľanae,O Ľahu
OA402,Waipi Ľo, ĽEwa,O Ľahu
OA412,Wai Ľanae,Wai Ľanae,O Ľahu
OA421,Wai Ľanae,Wai Ľanae,O Ľahu
OA422,Honouliuli, ĽEwa,O Ľahu
OA89,PńĀlńĀwai,LńĀhainńĀ,LńĀna Ľi
